{"cameraMode":{"drawMode":0,"name":"Shaded","section":"Shading Mode"},"sceneLighting":true,"audioPlay":false,"sceneViewState":{"showFog":true,"showMaterialUpdate":false,"showSkybox":true,"showFlares":true,"showImageEffects":true,"showParticleSystems":true},"in2DMode":false,"pivot":{"x":11.259993553161621,"y":6.2778639793396,"z":30.053604125976564},"rotation":{"x":0.11852110922336579,"y":0.6893426179885864,"z":-0.11584608256816864,"w":0.7052367925643921},"size":72.0549545288086,"orthographic":true}