{"cameraMode":{"drawMode":0,"name":"Shaded","section":"Shading Mode"},"sceneLighting":true,"audioPlay":false,"sceneViewState":{"showFog":true,"showMaterialUpdate":false,"showSkybox":false,"showFlares":true,"showImageEffects":true,"showParticleSystems":true},"in2DMode":false,"pivot":{"x":70.1314926147461,"y":126.71796417236328,"z":-237.03982543945313},"rotation":{"x":0.03418075293302536,"y":0.5150133371353149,"z":-0.020559275522828103,"w":0.8562574982643127},"size":1.7050104141235352,"orthographic":false}