{"cameraMode":{"drawMode":0,"name":"Shaded","section":"Shading Mode"},"sceneLighting":false,"audioPlay":false,"sceneViewState":{"showFog":true,"showMaterialUpdate":false,"showSkybox":false,"showFlares":true,"showImageEffects":true,"showParticleSystems":true},"in2DMode":false,"pivot":{"x":-0.0912637710571289,"y":5.24700927734375,"z":-0.045685768127441409},"rotation":{"x":-0.11163187026977539,"y":0.5562848448753357,"z":-0.07573340088129044,"w":-0.8199688196182251},"size":8.98256778717041,"orthographic":false}