{"cameraMode":{"drawMode":0,"name":"Shaded","section":"Shading Mode"},"sceneLighting":false,"audioPlay":false,"sceneViewState":{"showFog":true,"showMaterialUpdate":false,"showSkybox":false,"showFlares":true,"showImageEffects":true,"showParticleSystems":true},"in2DMode":false,"pivot":{"x":82.70946502685547,"y":6.483356952667236,"z":76.49703216552735},"rotation":{"x":0.25467514991760256,"y":0.4121195375919342,"z":-0.12114353477954865,"w":0.8663864731788635},"size":10.442584037780762,"orthographic":false}