{"cameraMode":{"drawMode":0,"name":"Shaded","section":"Shading Mode"},"sceneLighting":true,"audioPlay":false,"sceneViewState":{"showFog":true,"showMaterialUpdate":false,"showSkybox":false,"showFlares":true,"showImageEffects":true,"showParticleSystems":true},"in2DMode":false,"pivot":{"x":68.40518188476563,"y":132.52076721191407,"z":-237.92434692382813},"rotation":{"x":-0.016897553578019143,"y":0.15386368334293366,"z":0.002631653565913439,"w":0.9879447817802429},"size":24.097305297851564,"orthographic":false}