{"cameraMode":{"drawMode":0,"name":"Shaded","section":"Shading Mode"},"sceneLighting":false,"audioPlay":false,"sceneViewState":{"showFog":true,"showMaterialUpdate":false,"showSkybox":false,"showFlares":true,"showImageEffects":true,"showParticleSystems":true},"in2DMode":false,"pivot":{"x":11.260000228881836,"y":6.2778639793396,"z":30.049999237060548},"rotation":{"x":0.216647669672966,"y":-0.013179217465221882,"z":0.002925894223153591,"w":0.976162850856781},"size":1.0392308235168458,"orthographic":true}