{"cameraMode":{"drawMode":0,"name":"Shaded","section":"Shading Mode"},"sceneLighting":false,"audioPlay":false,"sceneViewState":{"showFog":true,"showMaterialUpdate":false,"showSkybox":false,"showFlares":true,"showImageEffects":true,"showParticleSystems":true},"in2DMode":false,"pivot":{"x":82.70946502685547,"y":6.483356952667236,"z":76.49703216552735},"rotation":{"x":0.08028370141983032,"y":0.2658047080039978,"z":-0.02221928909420967,"w":0.9604223966598511},"size":10.442584037780762,"orthographic":false}